variable,group,dist_name,params,n,sse,ks_p_value,source,confidence,notes,candidates_json
inter_arrival_hrs,,gamma,"{""a"": 1.0115, ""loc"": 0.0, ""scale"": 2.1148}",2859,0.072719,0.6795,user_data — raw_data.xlsx 2016,High,fit-all winner: gamma; mean=2.1391 hrs,"[{""dist"": ""lognorm"", ""params"": {""s"": 1.2863, ""loc"": 0.0, ""scale"": 1.2098}, ""sse"": 6.532494, ""ks_p"": 0.0}, {""dist"": ""gamma"", ""params"": {""a"": 1.0115, ""loc"": 0.0, ""scale"": 2.1148}, ""sse"": 0.072719, ""ks_p"": 0.6795}, {""dist"": ""expon"", ""params"": {""loc"": 0.0, ""scale"": 2.1391}, ""sse"": 0.102377, ""ks_p"": 0.5653}]"
lpc,0,beta,"{""a"": 1.9714, ""b"": 4.9509, ""lo"": 14, ""hi"": 999}",1257,0.022483,0.996,user_data — raw_data.xlsx 2016,High,"fit-all winner: beta; n=1257; Beta MLE=(1.9714,4.9509); E[LPC]≈295","[{""dist"": ""uniform (beta(1,1))"", ""params"": {""a"": 1.0, ""b"": 1.0, ""lo"": 14, ""hi"": 999}, ""sse"": 82.122215, ""ks_p"": 0.0}, {""dist"": ""beta"", ""params"": {""a"": 1.9714, ""b"": 4.9509, ""lo"": 14, ""hi"": 999}, ""sse"": 0.022483, ""ks_p"": 0.996}, {""dist"": ""triangular"", ""params"": {""c"": 0.0772, ""lo"": 14, ""hi"": 999}, ""sse"": 13.225882, ""ks_p"": 0.0}]"
lpc,1,beta,"{""a"": 1.9166, ""b"": 4.9478, ""lo"": 1000, ""hi"": 1999}",942,0.052361,0.6364,user_data — raw_data.xlsx 2016,High,"fit-all winner: beta; n=942; Beta MLE=(1.9166,4.9478); E[LPC]≈1279","[{""dist"": ""uniform (beta(1,1))"", ""params"": {""a"": 1.0, ""b"": 1.0, ""lo"": 1000, ""hi"": 1999}, ""sse"": 63.680338, ""ks_p"": 0.0}, {""dist"": ""beta"", ""params"": {""a"": 1.9166, ""b"": 4.9478, ""lo"": 1000, ""hi"": 1999}, ""sse"": 0.052361, ""ks_p"": 0.6364}, {""dist"": ""triangular"", ""params"": {""c"": 0.0741, ""lo"": 1000, ""hi"": 1999}, ""sse"": 10.635473, ""ks_p"": 0.0}]"
lpc,2,beta,"{""a"": 1.7608, ""b"": 4.3342, ""lo"": 2000, ""hi"": 2999}",377,0.019586,0.9973,user_data — raw_data.xlsx 2016,High,"fit-all winner: beta; n=377; Beta MLE=(1.7608,4.3342); E[LPC]≈2289","[{""dist"": ""uniform (beta(1,1))"", ""params"": {""a"": 1.0, ""b"": 1.0, ""lo"": 2000, ""hi"": 2999}, ""sse"": 23.266588, ""ks_p"": 0.0}, {""dist"": ""beta"", ""params"": {""a"": 1.7608, ""b"": 4.3342, ""lo"": 2000, ""hi"": 2999}, ""sse"": 0.019586, ""ks_p"": 0.9973}, {""dist"": ""triangular"", ""params"": {""c"": 0.0771, ""lo"": 2000, ""hi"": 2999}, ""sse"": 3.337618, ""ks_p"": 0.0}]"
lpc,3,beta,"{""a"": 1.858, ""b"": 4.5881, ""lo"": 3000, ""hi"": 3999}",169,0.059957,0.8157,user_data — raw_data.xlsx 2016,High,"fit-all winner: beta; n=169; Beta MLE=(1.858,4.5881); E[LPC]≈3288","[{""dist"": ""uniform (beta(1,1))"", ""params"": {""a"": 1.0, ""b"": 1.0, ""lo"": 3000, ""hi"": 3999}, ""sse"": 10.633444, ""ks_p"": 0.0}, {""dist"": ""beta"", ""params"": {""a"": 1.858, ""b"": 4.5881, ""lo"": 3000, ""hi"": 3999}, ""sse"": 0.059957, ""ks_p"": 0.8157}, {""dist"": ""triangular"", ""params"": {""c"": 0.1052, ""lo"": 3000, ""hi"": 3999}, ""sse"": 1.869676, ""ks_p"": 0.0}]"
lpc,4,beta,"{""a"": 2.5052, ""b"": 5.1872, ""lo"": 4000, ""hi"": 4999}",66,0.035681,0.9887,user_data — raw_data.xlsx 2016,Medium,"fit-all winner: beta; n=66; Beta MLE=(2.5052,5.1872); E[LPC]≈4325 (n 30–99, treat with caution)","[{""dist"": ""uniform (beta(1,1))"", ""params"": {""a"": 1.0, ""b"": 1.0, ""lo"": 4000, ""hi"": 4999}, ""sse"": 3.411052, ""ks_p"": 0.0}, {""dist"": ""beta"", ""params"": {""a"": 2.5052, ""b"": 5.1872, ""lo"": 4000, ""hi"": 4999}, ""sse"": 0.035681, ""ks_p"": 0.9887}, {""dist"": ""triangular"", ""params"": {""c"": 0.1461, ""lo"": 4000, ""hi"": 4999}, ""sse"": 0.536302, ""ks_p"": 0.0129}]"
lpc,5,beta_uniform,"{""a"": 1.0, ""b"": 1.0, ""lo"": 5000, ""hi"": 5999}",23,1.909126,,user_data — raw_data.xlsx 2016,Low,n=23 < 30 — S42 Uniform (conservative); fit-all skipped,"[{""dist"": ""uniform (beta(1,1))"", ""params"": {""a"": 1.0, ""b"": 1.0, ""lo"": 5000, ""hi"": 5999}, ""sse"": 1.909126, ""ks_p"": null}]"
lpc,6,beta_uniform,"{""a"": 1.0, ""b"": 1.0, ""lo"": 6010, ""hi"": 9999}",26,1.100342,,user_data — raw_data.xlsx 2016,Low,n=26 < 30 — S42 Uniform (conservative); fit-all skipped,"[{""dist"": ""uniform (beta(1,1))"", ""params"": {""a"": 1.0, ""b"": 1.0, ""lo"": 6010, ""hi"": 9999}, ""sse"": 1.100342, ""ks_p"": null}]"
qc_count,0,deterministic,"{""value"": 3}",1257,,,user_data — raw_data.xlsx 2016,High,round(mean QC) = round(2.99) = 3,"[{""dist"": ""deterministic"", ""params"": {""value"": 3}, ""sse"": null, ""ks_p"": null}]"
qc_count,1,deterministic,"{""value"": 5}",942,,,user_data — raw_data.xlsx 2016,High,round(mean QC) = round(5.02) = 5,"[{""dist"": ""deterministic"", ""params"": {""value"": 5}, ""sse"": null, ""ks_p"": null}]"
qc_count,2,deterministic,"{""value"": 6}",377,,,user_data — raw_data.xlsx 2016,High,round(mean QC) = round(6.03) = 6,"[{""dist"": ""deterministic"", ""params"": {""value"": 6}, ""sse"": null, ""ks_p"": null}]"
qc_count,3,deterministic,"{""value"": 7}",169,,,user_data — raw_data.xlsx 2016,High,round(mean QC) = round(6.99) = 7,"[{""dist"": ""deterministic"", ""params"": {""value"": 7}, ""sse"": null, ""ks_p"": null}]"
qc_count,4,deterministic,"{""value"": 8}",66,,,user_data — raw_data.xlsx 2016,High,round(mean QC) = round(8.00) = 8,"[{""dist"": ""deterministic"", ""params"": {""value"": 8}, ""sse"": null, ""ks_p"": null}]"
qc_count,5,deterministic,"{""value"": 8}",23,,,user_data — raw_data.xlsx 2016,High,round(mean QC) = round(8.09) = 8,"[{""dist"": ""deterministic"", ""params"": {""value"": 8}, ""sse"": null, ""ks_p"": null}]"
qc_count,6,deterministic,"{""value"": 9}",26,,,user_data — raw_data.xlsx 2016,High,round(mean QC) = round(9.08) = 9,"[{""dist"": ""deterministic"", ""params"": {""value"": 9}, ""sse"": null, ""ks_p"": null}]"
idle_time_before_hrs,,lognorm,"{""s"": 0.8067, ""loc"": 0.0, ""scale"": 0.5942}",2860,0.153706,0.3407,user_data — raw_data.xlsx 2016,High,fit-all winner: lognorm; mean=0.830 hrs; std=0.847; min=0.035,"[{""dist"": ""lognorm"", ""params"": {""s"": 0.8067, ""loc"": 0.0, ""scale"": 0.5942}, ""sse"": 0.153706, ""ks_p"": 0.3407}, {""dist"": ""gamma"", ""params"": {""a"": 1.6428, ""loc"": 0.0, ""scale"": 0.5053}, ""sse"": 5.291576, ""ks_p"": 0.0}, {""dist"": ""expon"", ""params"": {""loc"": 0.0, ""scale"": 0.8301}, ""sse"": 13.198844, ""ks_p"": 0.0}]"
idle_time_after_hrs,,lognorm,"{""s"": 0.6962, ""loc"": 0.0, ""scale"": 0.8921}",2860,0.065839,0.7761,user_data — raw_data.xlsx 2016,High,fit-all winner: lognorm; mean=1.135 hrs; std=0.897; min=0.091,"[{""dist"": ""lognorm"", ""params"": {""s"": 0.6962, ""loc"": 0.0, ""scale"": 0.8921}, ""sse"": 0.065839, ""ks_p"": 0.7761}, {""dist"": ""gamma"", ""params"": {""a"": 2.2259, ""loc"": 0.0, ""scale"": 0.5101}, ""sse"": 2.206577, ""ks_p"": 0.0}, {""dist"": ""expon"", ""params"": {""loc"": 0.0, ""scale"": 1.1353}, ""sse"": 26.842481, ""ks_p"": 0.0}]"
crane_eff_moves_per_hr,,norm,"{""loc"": 19.0954, ""scale"": 4.494}",2860,0.053529,0.8665,user_data — raw_data.xlsx 2016,High,fit-all winner: norm; mean=19.10 moves/hr/crane; std=4.49; per-crane efficiency (LPC/ops_hrs/qc_count),"[{""dist"": ""norm"", ""params"": {""loc"": 19.0954, ""scale"": 4.494}, ""sse"": 0.053529, ""ks_p"": 0.8665}, {""dist"": ""gamma"", ""params"": {""a"": 16.3498, ""loc"": 0.0, ""scale"": 1.1679}, ""sse"": 1.685981, ""ks_p"": 0.0}, {""dist"": ""lognorm"", ""params"": {""s"": 0.2591, ""loc"": 0.0, ""scale"": 18.5145}, ""sse"": 3.66475, ""ks_p"": 0.0}]"
