run_id,timestamp,protocol_version,design_doc_hash,scenario_id,typhoon_cat,dist_bin,dist_range_km,decreased_teu,decreased_pct,normality_p_value,is_normal,ci_method,t_statistic,mean_loss_teu,ci_half_width_loss_teu,dz,p_value,is_significant_raw,is_significant_holm,is_significant,correction_method,operationally_meaningful,decision_signal
63e273f3-6089-4d30-8128-7bd96db5fd43,2026-06-16T03:39:06.900988+00:00,S32-S47-v2,1f8096b1,1,1,1,0–100,10342.643942900002,0.09991616481815845,0.5818087023541132,True,t-CI,2.7864316022577458,10342.643942901215,7307.850172463486,0.16957682705575894,0.005708534064653018,True,False,False,holm-bonferroni,False,NOT_SIGNIFICANT
63e273f3-6089-4d30-8128-7bd96db5fd43,2026-06-16T03:39:06.900988+00:00,S32-S47-v2,1f8096b1,2,1,2,101–200,908.8321630656719,0.008779865641536481,0.9216518213593301,True,t-CI,1.704569034953069,908.8321630658444,1049.7250018775087,0.10373676791873422,0.08942944307537369,False,False,False,holm-bonferroni,False,NOT_SIGNIFICANT
63e273f3-6089-4d30-8128-7bd96db5fd43,2026-06-16T03:39:06.900988+00:00,S32-S47-v2,1f8096b1,3,1,3,201–300,186.3809413574636,0.0018005520598453717,0.9067363179690658,True,t-CI,1.0000000000000004,186.3809413580224,366.95089289985305,0.06085806194501848,0.31820919078282567,False,False,False,holm-bonferroni,False,NOT_SIGNIFICANT
63e273f3-6089-4d30-8128-7bd96db5fd43,2026-06-16T03:39:06.900988+00:00,S32-S47-v2,1f8096b1,4,1,4,301–400,0.0,0.0,0.9126491363613688,True,t-CI,0.0,0.0,0.0,0.0,1.0,False,False,False,holm-bonferroni,False,NOT_SIGNIFICANT
63e273f3-6089-4d30-8128-7bd96db5fd43,2026-06-16T03:39:06.900988+00:00,S32-S47-v2,1f8096b1,5,1,5,401–500,0.0,0.0,0.9126491363613688,True,t-CI,0.0,0.0,0.0,0.0,1.0,False,False,False,holm-bonferroni,False,NOT_SIGNIFICANT
63e273f3-6089-4d30-8128-7bd96db5fd43,2026-06-16T03:39:06.900988+00:00,S32-S47-v2,1f8096b1,6,2,1,0–100,61801.99996141903,0.5970445128274943,1.223237755636083e-13,False,t-CI (CLT; non-normal warning),4.653322680443444,61801.999961419744,26148.441430676583,0.2831921999365864,5.1314212719530996e-06,True,True,True,holm-bonferroni,False,STAT_SIGNIFICANT_BUT_PRACTICALLY_NEGLIGIBLE
63e273f3-6089-4d30-8128-7bd96db5fd43,2026-06-16T03:39:06.900988+00:00,S32-S47-v2,1f8096b1,7,2,2,101–200,5629.128948044032,0.054380773316820764,0.8562065555642392,True,t-CI,2.351585541691659,5629.12894804526,4712.885230619139,0.14311293856528076,0.019415124773063976,True,False,False,holm-bonferroni,False,NOT_SIGNIFICANT
63e273f3-6089-4d30-8128-7bd96db5fd43,2026-06-16T03:39:06.900988+00:00,S32-S47-v2,1f8096b1,8,2,3,201–300,908.8321630656719,0.008779865641536481,0.9216518213593301,True,t-CI,1.704569034953069,908.8321630658444,1049.7250018775087,0.10373676791873422,0.08942944307537369,False,False,False,holm-bonferroni,False,NOT_SIGNIFICANT
63e273f3-6089-4d30-8128-7bd96db5fd43,2026-06-16T03:39:06.900988+00:00,S32-S47-v2,1f8096b1,9,2,4,301–400,186.3809413574636,0.0018005520598453717,0.9067363179690658,True,t-CI,1.0000000000000004,186.3809413580224,366.95089289985305,0.06085806194501848,0.31820919078282567,False,False,False,holm-bonferroni,False,NOT_SIGNIFICANT
63e273f3-6089-4d30-8128-7bd96db5fd43,2026-06-16T03:39:06.900988+00:00,S32-S47-v2,1f8096b1,10,2,5,401–500,0.0,0.0,0.9126491363613688,True,t-CI,0.0,0.0,0.0,0.0,1.0,False,False,False,holm-bonferroni,False,NOT_SIGNIFICANT
63e273f3-6089-4d30-8128-7bd96db5fd43,2026-06-16T03:39:06.900988+00:00,S32-S47-v2,1f8096b1,11,3,1,0–100,178814.6847479418,1.727457467531534,3.0784721176714234e-19,False,t-CI (CLT; non-normal warning),6.4148683497962855,178814.6847479424,54880.98296442803,0.3903964554010406,6.31715569787053e-10,True,True,True,holm-bonferroni,False,STAT_SIGNIFICANT_BUT_PRACTICALLY_NEGLIGIBLE
63e273f3-6089-4d30-8128-7bd96db5fd43,2026-06-16T03:39:06.900988+00:00,S32-S47-v2,1f8096b1,12,3,2,101–200,15485.508024690673,0.14959932688682215,0.13343386961144224,True,t-CI,3.3725861742785486,15485.50802469135,9040.008736232583,0.20524905830915668,0.0008541021533815816,True,True,True,holm-bonferroni,False,STAT_SIGNIFICANT_BUT_PRACTICALLY_NEGLIGIBLE
63e273f3-6089-4d30-8128-7bd96db5fd43,2026-06-16T03:39:06.900988+00:00,S32-S47-v2,1f8096b1,13,3,3,201–300,3386.0124356988817,0.03271091787258818,0.9263043456561658,True,t-CI,2.2060406738758536,3386.0124356995925,3021.9096895806997,0.13425535998396695,0.02822659764769819,True,False,False,holm-bonferroni,False,NOT_SIGNIFICANT
63e273f3-6089-4d30-8128-7bd96db5fd43,2026-06-16T03:39:06.900988+00:00,S32-S47-v2,1f8096b1,14,3,4,301–400,298.3461934160441,0.0028822037767906807,0.9058535264645428,True,t-CI,1.0000000000000004,298.3461934156371,587.3905414869719,0.06085806194501847,0.31820919078282567,False,False,False,holm-bonferroni,False,NOT_SIGNIFICANT
63e273f3-6089-4d30-8128-7bd96db5fd43,2026-06-16T03:39:06.900988+00:00,S32-S47-v2,1f8096b1,15,3,5,401–500,33.9089506175369,0.0003275808697870177,0.91110601881595,True,t-CI,1.0000000000000002,33.908950617281654,66.76068709410963,0.06085806194501848,0.31820919078282583,False,False,False,holm-bonferroni,False,NOT_SIGNIFICANT
63e273f3-6089-4d30-8128-7bd96db5fd43,2026-06-16T03:39:06.900988+00:00,S32-S47-v2,1f8096b1,16,4,1,0–100,903803.7876929026,8.731288509297672,9.28504627811375e-18,False,t-CI (CLT; non-normal warning),11.44726209117194,903803.7876929013,155445.79510068573,0.6966581854454034,5.553666654246027e-25,True,True,True,holm-bonferroni,True,DIFFERENT_AND_MEANINGFUL
63e273f3-6089-4d30-8128-7bd96db5fd43,2026-06-16T03:39:06.900988+00:00,S32-S47-v2,1f8096b1,17,4,2,101–200,75688.88496656343,0.7312001792745951,2.5527854166700257e-14,False,t-CI (CLT; non-normal warning),5.13073090806741,75688.88496656378,29044.19323244668,0.31224633942638724,5.5332775881666e-07,True,True,True,holm-bonferroni,False,STAT_SIGNIFICANT_BUT_PRACTICALLY_NEGLIGIBLE
63e273f3-6089-4d30-8128-7bd96db5fd43,2026-06-16T03:39:06.900988+00:00,S32-S47-v2,1f8096b1,18,4,3,201–300,15485.508024690673,0.14959932688682215,0.13343386961144224,True,t-CI,3.3725861742785486,15485.50802469135,9040.008736232583,0.20524905830915668,0.0008541021533815816,True,True,True,holm-bonferroni,False,STAT_SIGNIFICANT_BUT_PRACTICALLY_NEGLIGIBLE
63e273f3-6089-4d30-8128-7bd96db5fd43,2026-06-16T03:39:06.900988+00:00,S32-S47-v2,1f8096b1,19,4,4,301–400,3386.0124356988817,0.03271091787258818,0.9263043456561658,True,t-CI,2.2060406738758536,3386.0124356995925,3021.9096895806997,0.13425535998396695,0.02822659764769819,True,False,False,holm-bonferroni,False,NOT_SIGNIFICANT
63e273f3-6089-4d30-8128-7bd96db5fd43,2026-06-16T03:39:06.900988+00:00,S32-S47-v2,1f8096b1,20,4,5,401–500,186.3809413574636,0.0018005520598453717,0.9067363179690658,True,t-CI,1.0000000000000004,186.3809413580224,366.95089289985305,0.06085806194501848,0.31820919078282567,False,False,False,holm-bonferroni,False,NOT_SIGNIFICANT
63e273f3-6089-4d30-8128-7bd96db5fd43,2026-06-16T03:39:06.900988+00:00,S32-S47-v2,1f8096b1,21,5,1,0–100,3387540.480787037,32.725679707736006,2.243258935526746e-09,False,t-CI (CLT; non-normal warning),21.774580095984792,3387540.480787037,306295.878374711,1.3251587443082082,2.6706815534278064e-61,True,True,True,holm-bonferroni,True,DIFFERENT_AND_MEANINGFUL
63e273f3-6089-4d30-8128-7bd96db5fd43,2026-06-16T03:39:06.900988+00:00,S32-S47-v2,1f8096b1,22,5,2,101–200,178814.6847479418,1.727457467531534,3.0784721176714234e-19,False,t-CI (CLT; non-normal warning),6.4148683497962855,178814.6847479424,54880.98296442803,0.3903964554010406,6.31715569787053e-10,True,True,True,holm-bonferroni,False,STAT_SIGNIFICANT_BUT_PRACTICALLY_NEGLIGIBLE
63e273f3-6089-4d30-8128-7bd96db5fd43,2026-06-16T03:39:06.900988+00:00,S32-S47-v2,1f8096b1,23,5,3,201–300,42324.4358667694,0.40887952183665305,1.2654332900218575e-08,False,t-CI (CLT; non-normal warning),4.492769935679442,42324.43586676955,18547.417421552684,0.2734212710502961,1.0448516354687703e-05,True,True,True,holm-bonferroni,False,STAT_SIGNIFICANT_BUT_PRACTICALLY_NEGLIGIBLE
63e273f3-6089-4d30-8128-7bd96db5fd43,2026-06-16T03:39:06.900988+00:00,S32-S47-v2,1f8096b1,24,5,4,301–400,6949.245138887316,0.06713389018245204,0.9674156065803525,True,t-CI,2.5494470312681967,6949.245138888875,5366.585916505019,0.15515440535446334,0.011344772008357377,True,False,False,holm-bonferroni,False,NOT_SIGNIFICANT
63e273f3-6089-4d30-8128-7bd96db5fd43,2026-06-16T03:39:06.900988+00:00,S32-S47-v2,1f8096b1,25,5,5,401–500,298.3461934160441,0.0028822037767906807,0.9058535264645428,True,t-CI,1.0000000000000004,298.3461934156371,587.3905414869719,0.06085806194501847,0.31820919078282567,False,False,False,holm-bonferroni,False,NOT_SIGNIFICANT
